;Park;Consumption;Month;AverageMonthlyCosts
0;ArcaAgua;4102.172728763;15;273.47818191753333
1;Avioso;15700.414286790001;15;1046.6942857860001
2;Biologico;16239.12748558;15;1082.6084990386667
3;Cidade;53005.70861241;15;3533.713907494
4;Covelo;7125.847891982;15;475.05652613213334
5;Oriental;15764.74207674;15;1050.982805116
6;PalacioCristal;11761.44180138;13;904.7262924138462
7;SaoRoque;6038.93224592;13;464.53324968615385
8;Varas;2413.87877564;15;160.92525170933334
